1	p	36.3	1	7200000
1	p	36.2	7200000	16200000
1	p	36.1	16200000	28000000
1	p	35	28000000	34600000
1	p	34.3	34600000	40100000
1	p	34.2	40100000	44100000
1	p	34.1	44100000	46800000
1	p	33	46800000	50700000
1	p	32	50700000	61300000
1	p	31	61300000	84900000
1	p	22	84900000	94700000
1	p	21	94700000	107200000
1	p	13	107200000	117800000
1	p	12	117800000	120600000
1	p	11	120600000	125000000
1	q	11	125000000	128900000
1	q	12	128900000	142600000
1	q	21	142600000	155000000
1	q	22	155000000	156500000
1	q	23	156500000	165500000
1	q	24	165500000	172900000
1	q	25	172900000	185800000
1	q	31	185800000	198700000
1	q	32	198700000	214500000
1	q	41	214500000	224100000
1	q	42	224100000	236600000
1	q	43	236600000	243700000
1	q	44	243700000	249250621
2	p	25	1	12200000
2	p	24	12200000	24000000
2	p	23	24000000	32100000
2	p	22	32100000	41800000
2	p	21	41800000	47800000
2	p	16	47800000	61300000
2	p	15	61300000	64100000
2	p	14	64100000	68600000
2	p	13	68600000	75000000
2	p	12	75000000	83300000
2	p	11.2	83300000	90500000
2	p	11.1	90500000	93300000
2	q	11.1	93300000	96800000
2	q	11.2	96800000	102700000
2	q	12	102700000	110200000
2	q	13	110200000	114400000
2	q	14.1	114400000	118800000
2	q	14.2	118800000	122400000
2	q	14.3	122400000	129900000
2	q	21	129900000	136800000
2	q	22	136800000	148700000
2	q	23	148700000	154900000
2	q	24	154900000	169700000
2	q	31	169700000	183000000
2	q	32	183000000	197400000
2	q	33	197400000	209000000
2	q	34	209000000	215300000
2	q	35	215300000	221500000
2	q	36	221500000	231000000
2	q	37	231000000	243199373
3	p	26	1	8700000
3	p	25	8700000	16400000
3	p	24	16400000	30900000
3	p	23	30900000	32100000
3	p	22	32100000	43700000
3	p	21	43700000	54400000
3	p	14	54400000	69800000
3	p	13	69800000	74200000
3	p	12	74200000	87200000
3	p	11	87200000	91000000
3	q	11.1	91000000	93900000
3	q	11.2	93900000	98300000
3	q	12	98300000	102800000
3	q	13.1	102800000	111300000
3	q	13.2	111300000	113500000
3	q	13.3	113500000	121900000
3	q	21	121900000	129200000
3	q	22	129200000	138700000
3	q	23	138700000	142800000
3	q	24	142800000	148900000
3	q	25	148900000	160700000
3	q	26.1	160700000	167600000
3	q	26.2	167600000	170900000
3	q	26.3	170900000	182700000
3	q	27	182700000	187900000
3	q	28	187900000	192300000
3	q	29	192300000	198022430
4	p	16	1	11300000
4	p	15.3	11300000	21300000
4	p	15.2	21300000	27700000
4	p	15.1	27700000	35800000
4	p	14	35800000	41200000
4	p	13	41200000	44600000
4	p	12	44600000	48200000
4	p	11	48200000	50400000
4	q	11	50400000	52700000
4	q	12	52700000	59500000
4	q	13	59500000	76300000
4	q	21	76300000	88000000
4	q	22	88000000	98800000
4	q	23	98800000	101100000
4	q	24	101100000	107700000
4	q	25	107700000	114100000
4	q	26	114100000	120800000
4	q	27	120800000	123800000
4	q	28	123800000	139500000
4	q	31.1	139500000	141500000
4	q	31.2	141500000	151100000
4	q	31.3	151100000	155600000
4	q	32	155600000	170100000
4	q	33	170100000	171900000
4	q	34	171900000	183200000
4	q	35	183200000	191154276
5	p	15.3	1	9800000
5	p	15.2	9800000	15000000
5	p	15.1	15000000	18400000
5	p	14	18400000	28900000
5	p	13	28900000	42500000
5	p	12	42500000	46100000
5	p	11	46100000	48400000
5	q	11.1	48400000	50700000
5	q	11.2	50700000	58900000
5	q	12	58900000	66700000
5	q	13	66700000	76900000
5	q	14	76900000	92300000
5	q	15	92300000	98200000
5	q	21	98200000	109600000
5	q	22	109600000	115200000
5	q	23	115200000	130600000
5	q	31	130600000	144500000
5	q	32	144500000	149800000
5	q	33	149800000	159900000
5	q	34	159900000	168500000
5	q	35	168500000	180915260
6	p	25	1	7100000
6	p	24	7100000	13400000
6	p	23	13400000	15200000
6	p	22	15200000	30400000
6	p	21.3	30400000	36600000
6	p	21.2	36600000	40500000
6	p	21.1	40500000	46200000
6	p	12	46200000	57000000
6	p	11.2	57000000	58700000
6	p	11.1	58700000	61000000
6	q	11	61000000	63400000
6	q	12	63400000	70000000
6	q	13	70000000	75900000
6	q	14	75900000	88000000
6	q	15	88000000	93100000
6	q	16	93100000	105500000
6	q	21	105500000	114600000
6	q	22	114600000	130300000
6	q	23	130300000	139000000
6	q	24	139000000	149000000
6	q	25	149000000	161000000
6	q	26	161000000	164500000
6	q	27	164500000	171115067
7	p	22	1	7300000
7	p	21	7300000	20900000
7	p	15	20900000	28800000
7	p	14	28800000	43300000
7	p	13	43300000	45400000
7	p	12	45400000	54000000
7	p	11.2	54000000	58000000
7	p	11.1	58000000	59900000
7	q	11.1	59900000	61700000
7	q	11.2	61700000	77500000
7	q	21	77500000	98000000
7	q	22	98000000	107400000
7	q	31	107400000	127100000
7	q	32	127100000	132600000
7	q	33	132600000	138200000
7	q	34	138200000	143100000
7	q	35	143100000	147900000
7	q	36	147900000	159138663
8	p	23	1	12700000
8	p	22	12700000	19000000
8	p	21	19000000	28800000
8	p	12	28800000	36500000
8	p	11.2	36500000	43100000
8	p	11.1	43100000	45600000
8	q	11.1	45600000	48100000
8	q	11.2	48100000	55500000
8	q	12	55500000	66000000
8	q	13	66000000	73900000
8	q	21.1	73900000	84600000
8	q	21.2	84600000	86900000
8	q	21.3	86900000	93300000
8	q	22	93300000	106200000
8	q	23	106200000	117700000
8	q	24.1	117700000	127300000
8	q	24.2	127300000	139900000
8	q	24.3	139900000	146364022
9	p	24	1	9000000
9	p	23	9000000	14200000
9	p	22	14200000	19900000
9	p	21	19900000	33200000
9	p	13	33200000	41000000
9	p	12	41000000	43600000
9	p	11	43600000	49000000
9	q	11	49000000	50700000
9	q	12	50700000	65900000
9	q	13	65900000	68700000
9	q	21	68700000	90400000
9	q	22	90400000	102600000
9	q	31	102600000	114900000
9	q	32	114900000	117700000
9	q	33	117700000	130300000
9	q	34	130300000	141213431
10	p	15	1	6600000
10	p	14	6600000	12200000
10	p	13	12200000	17300000
10	p	12	17300000	29600000
10	p	11.2	29600000	38000000
10	p	11.1	38000000	40200000
10	q	11.1	40200000	42300000
10	q	11.2	42300000	52900000
10	q	21	52900000	70600000
10	q	22	70600000	82000000
10	q	23	82000000	97000000
10	q	24	97000000	105800000
10	q	25	105800000	119100000
10	q	26	119100000	135534747
11	p	15	1	21700000
11	p	14	21700000	31000000
11	p	13	31000000	36400000
11	p	12	36400000	43500000
11	p	11.2	43500000	48800000
11	p	11.1	48800000	53700000
11	q	11	53700000	55700000
11	q	12	55700000	63400000
11	q	13	63400000	77100000
11	q	14	77100000	92800000
11	q	21	92800000	97200000
11	q	22	97200000	110400000
11	q	23	110400000	121200000
11	q	24	121200000	130800000
11	q	25	130800000	135006516
12	p	13	1	14800000
12	p	12	14800000	26500000
12	p	11.2	26500000	33300000
12	p	11.1	33300000	35800000
12	q	11	35800000	38200000
12	q	12	38200000	46400000
12	q	13	46400000	58100000
12	q	14	58100000	67700000
12	q	15	67700000	71500000
12	q	21	71500000	92600000
12	q	22	92600000	96200000
12	q	23	96200000	109000000
12	q	24.1	109000000	114300000
12	q	24.2	114300000	120700000
12	q	24.3	120700000	133851895
13	p	13	1	4500000
13	p	12	4500000	10000000
13	p	11.2	10000000	16300000
13	p	11.1	16300000	17900000
13	q	11	17900000	19500000
13	q	12	19500000	32200000
13	q	13	32200000	40100000
13	q	14	40100000	55300000
13	q	21	55300000	73300000
13	q	22	73300000	79000000
13	q	31	79000000	95000000
13	q	32	95000000	101700000
13	q	33	101700000	110300000
13	q	34	110300000	115169878
14	p	13	1	3700000
14	p	12	3700000	8100000
14	p	11.2	8100000	16100000
14	p	11.1	16100000	17600000
14	q	11.1	17600000	19100000
14	q	11.2	19100000	24600000
14	q	12	24600000	33300000
14	q	13	33300000	37800000
14	q	21	37800000	50900000
14	q	22	50900000	58100000
14	q	23	58100000	67900000
14	q	24	67900000	79300000
14	q	31	79300000	89800000
14	q	32	89800000	107349540
15	p	13	1	3900000
15	p	12	3900000	8700000
15	p	11.2	8700000	15800000
15	p	11.1	15800000	19000000
15	q	11.1	19000000	20700000
15	q	11.2	20700000	25700000
15	q	12	25700000	28100000
15	q	13	28100000	33600000
15	q	14	33600000	40100000
15	q	15	40100000	44800000
15	q	21	44800000	59100000
15	q	22	59100000	67500000
15	q	23	67500000	72700000
15	q	24	72700000	78300000
15	q	25	78300000	89100000
15	q	26	89100000	102531392
16	p	13.3	1	7900000
16	p	13.2	7900000	10500000
16	p	13.1	10500000	16800000
16	p	12	16800000	28100000
16	p	11.2	28100000	34600000
16	p	11.1	34600000	36600000
16	q	11.1	36600000	38600000
16	q	11.2	38600000	47000000
16	q	12.1	47000000	52600000
16	q	12.2	52600000	56700000
16	q	13	56700000	57400000
16	q	21	57400000	66700000
16	q	22	66700000	74100000
16	q	23	74100000	84200000
16	q	24	84200000	90354753
17	p	13	1	10700000
17	p	12	10700000	16000000
17	p	11.2	16000000	22200000
17	p	11.1	22200000	24000000
17	q	11.1	24000000	25800000
17	q	11.2	25800000	31800000
17	q	12	31800000	38100000
17	q	21	38100000	50200000
17	q	22	50200000	57600000
17	q	23	57600000	62600000
17	q	24	62600000	70900000
17	q	25	70900000	81195210
18	p	11.3	1	7100000
18	p	11.2	7100000	15400000
18	p	11.1	15400000	17200000
18	q	11.1	17200000	19000000
18	q	11.2	19000000	25000000
18	q	12	25000000	43500000
18	q	21	43500000	61600000
18	q	22	61600000	73100000
18	q	23	73100000	78077248
19	p	13.3	1	6900000
19	p	13.2	6900000	13900000
19	p	13.1	13900000	20000000
19	p	12	20000000	24400000
19	p	11	24400000	26500000
19	q	11	26500000	28600000
19	q	12	28600000	32400000
19	q	13.1	32400000	38700000
19	q	13.2	38700000	43400000
19	q	13.3	43400000	51400000
19	q	13.4	51400000	59128983
20	p	13	1	5100000
20	p	12	5100000	17900000
20	p	11.2	17900000	25600000
20	p	11.1	25600000	27500000
20	q	11.1	27500000	29400000
20	q	11.2	29400000	37600000
20	q	12	37600000	41700000
20	q	13.1	41700000	49800000
20	q	13.2	49800000	55000000
20	q	13.3	55000000	63025520
21	p	13	1	2800000
21	p	12	2800000	6800000
21	p	11.2	6800000	10900000
21	p	11.1	10900000	13200000
21	q	11.1	13200000	14300000
21	q	11.2	14300000	16400000
21	q	21	16400000	31500000
21	q	22	31500000	48129895
22	p	13	1	3800000
22	p	12	3800000	8300000
22	p	11.2	8300000	12200000
22	p	11.1	12200000	14700000
22	q	11.1	14700000	17900000
22	q	11.2	17900000	25900000
22	q	12	25900000	37600000
22	q	13	37600000	51304566
23	p	22.3	1	9500000
23	p	22.2	9500000	17100000
23	p	22.1	17100000	24900000
23	p	21	24900000	37600000
23	p	11.4	37600000	42400000
23	p	11.3	42400000	46400000
23	p	11.2	46400000	58100000
23	p	11.1	58100000	60600000
23	q	11	60600000	64600000
23	q	12	64600000	67800000
23	q	13	67800000	76000000
23	q	21	76000000	98300000
23	q	22	98300000	108700000
23	q	23	108700000	116500000
23	q	24	116500000	120900000
23	q	25	120900000	128700000
23	q	26	128700000	138000000
23	q	27	138000000	147100000
23	q	28	147100000	155270560
24	p	11.3	1	3000000
24	p	11.2	3000000	11600000
24	p	11.1	11600000	12500000
24	q	11.1	12500000	13400000
24	q	11.2	13400000	28800000
24	q	12	28800000	59373566
